x (Concentracion),y (Corriente)
0.008433036,94
0.020028461,85
0.100142307,73
0.040056923,69
0.443261477,61
1,29
2,28
5,21
7,17
12,12
15,8
18,6
20,2
25,2
28,2
30,2
