X (Concentracion),Y (Corriente)
0.949207135,54.62117309
1.828032015,50.0
2.742068305,44.69204214
4.534848343,34.48641237
6.362880358,24.4195188
8.155660396,14.21388904
9.983773544,4.423494286
